t180,t180,t180,t180,t180,t180,t180,t180,t180,t180,t180,t180,t180,t180,t180,t180,t180,t180,t180,t180,t180,t180,t180,t180,t180,t180,t180,t180,t180,t180,t180,t180,t180,t180,t180,t180,t180,t180,t180,t180,t180,t180,t180,t180,t180,t180,t180,t180,t180,t180,t180,t180,t180,t180,t180,t180,t180,t180,t180,t180,t180,t180,t180,t180,t180,t180,t180,t180,t180,t180,t180,t180,t180,t180,t180,t180,t180,t180,t180,t180,t180,t180,t180,t180,t180,t180,t180,t180,t180,t180,t180,t180,t180,t180,t180,t180,t180,t180,t180,t180,t180,t180,t180,t180,t180,t180,t180,t180,t180,t180,br,br,br,br,br,br,br,br,br,br,br,br,br,br,br,br,br,br,br,br,br,br,br,br,br,br,br,br,br,br,br,br,br,br,br,br,br,br,br,br,br,br,br,br,br,br,br,br,br,br,br,br,br,br,br,br,br,br,br,br,br,br,br,br,br,br,br,br,br,br,br,br,br,br,br,br,br,br,br,br,br,br,br,br,br,br,br,br,br,br,br,br,br,br,br,br,br,br,br,br,br,br,br,br,br,br,br,br,br,br,br,br,br,br,br,br,br,br,br,br,br,br,br,br,br,br,br,br,br,br,br,br,br,br,br,br,br,br,br,br,br,br,br,br,br,br,br,br,br,br,br,br,br,br,br,br,br,br,br,br,br,br,br,br,br,br,br,br,br,br,br,br,br,br,br,br,br,br,br,br,br,br,br,br,br,br,br,br,br,br,br,br,br,br,br,br,br,br,br,br,br,br,br,,,,,,,,,,,,,,,,,,,,,,,,,,
t90,t90,0,0,0,0,0,0,0,0,0,0,0,0,0,0,0,0,0,0,0,0,0,0,0,0,0,0,0,0,0,0,0,0,0,0,0,0,0,0,0,0,0,0,0,0,0,0,0,0,0,0,0,0,0,0,0,0,0,0,0,0,0,0,0,0,0,0,0,0,0,0,0,0,0,0,0,0,0,0,0,0,0,0,0,0,0,0,0,0,0,0,0,0,0,0,0,0,0,0,0,0,0,0,0,0,0,0,0,br,0,0,0,0,0,0,0,0,0,0,0,0,0,0,0,0,0,0,0,0,bl,0,0,0,0,0,0,0,0,0,0,0,0,0,0,0,0,0,0,0,0,0,0,0,0,0,0,0,0,0,0,0,0,0,0,br,br,br,0,0,0,0,0,0,0,0,0,0,0,0,0,0,0,0,0,0,0,0,0,0,0,0,0,0,br,br,br,br,0,0,0,0,0,0,0,br,br,br,br,0,0,0,0,0,0,0,0,0,0,0,0,0,0,0,0,0,0,0,0,0,0,0,0,0,0,0,0,0,0,0,0,0,0,0,0,0,0,0,0,0,0,0,0,0,0,0,0,0,0,0,0,0,0,0,0,0,0,0,0,0,0,0,0,0,0,0,0,0,0,0,0,0,0,0,0,0,0,0,0,0,0,0,0,0,0,0,0,0,0,0,0,0,0,0,0,0,0,0,0,0,0,0,0,0,0,0,0,0,0,0,0,0,0,0,0,0,0,0,0,0,0,0,0,0,0,0,0,0,0
t90,t90,0,0,0,0,0,0,0,0,0,0,0,0,0,0,0,0,0,0,0,0,0,0,0,0,0,0,0,0,0,0,0,0,0,0,0,0,0,0,0,0,0,0,0,0,0,0,0,0,0,0,0,0,0,0,0,0,0,0,0,0,0,0,0,0,0,0,0,0,0,0,0,0,0,0,0,0,0,0,0,0,0,0,0,0,0,0,0,0,0,0,0,0,0,0,0,0,0,0,0,0,0,0,0,0,0,0,0,br,0,0,0,0,0,0,0,0,0,0,0,0,0,0,0,0,0,0,0,0,bl,0,0,0,0,0,0,0,0,0,0,0,0,0,0,0,0,0,0,0,0,0,0,0,0,0,0,0,0,0,0,0,0,0,0,br,br,br,0,0,0,0,0,0,0,0,0,0,0,0,0,0,0,0,0,0,0,0,0,0,0,0,0,0,br,br,br,br,0,0,0,0,0,0,0,br,br,br,br,0,0,0,0,0,0,0,0,0,0,0,0,0,0,0,0,0,0,0,0,0,0,0,0,0,0,0,0,0,0,0,0,0,0,0,0,0,0,0,0,0,0,0,0,0,0,0,0,0,0,0,0,0,0,0,0,0,0,0,0,0,0,0,0,0,0,0,0,0,0,0,0,0,0,0,0,0,0,0,0,0,0,0,0,0,0,0,0,0,0,0,0,0,0,0,0,0,0,0,0,0,0,0,0,0,0,0,0,0,0,0,0,0,0,0,0,0,0,0,0,0,0,0,0,0,0,0,0,0,0
t90,t90,0,0,0,0,0,0,0,0,0,0,0,0,0,0,0,0,0,0,0,0,0,0,0,0,0,0,0,0,0,0,0,0,0,0,0,0,0,0,0,0,0,0,0,0,0,0,0,0,0,0,0,0,0,0,0,0,0,0,0,0,0,0,0,0,0,0,0,0,0,0,0,0,0,0,0,0,0,0,0,0,0,0,0,0,0,0,0,0,0,0,0,0,0,0,0,0,0,0,0,0,0,0,0,0,0,0,0,br,0,0,0,0,0,0,0,0,0,0,0,0,0,0,0,0,0,0,0,0,bl,0,0,0,0,0,0,0,0,0,0,0,0,0,0,0,0,0,0,0,0,0,0,0,0,0,0,0,0,0,0,0,0,0,0,br,br,br,0,0,0,0,0,0,0,0,0,0,0,0,0,0,0,0,0,0,0,0,0,0,0,0,0,0,br,br,br,br,0,0,0,0,0,0,0,br,br,br,br,0,0,0,0,0,0,0,0,0,0,0,0,0,0,0,0,0,0,0,0,0,0,0,0,0,0,0,0,0,0,0,0,0,0,0,0,0,0,0,0,0,0,0,0,0,0,0,0,0,0,0,0,0,0,0,0,0,0,0,0,0,0,0,0,0,0,0,0,0,0,0,0,0,0,0,0,0,0,0,0,0,0,0,0,0,0,0,0,0,0,0,0,0,0,0,0,0,0,0,0,0,0,0,0,0,0,0,0,0,0,0,0,0,0,0,0,0,0,0,0,0,0,0,0,0,0,0,0,0,0
t90,t90,0,0,0,0,0,0,0,0,0,0,0,0,0,0,0,0,0,0,0,0,0,0,0,0,0,0,0,0,0,0,0,0,0,0,0,0,0,0,0,0,0,0,0,0,0,0,0,0,0,0,0,0,0,0,0,0,0,0,0,0,0,0,0,0,0,0,0,0,0,0,0,0,0,0,0,0,0,0,0,0,0,0,0,0,0,0,0,0,0,0,0,0,0,0,0,0,0,0,0,0,0,0,0,0,0,0,0,br,0,0,0,0,0,0,0,0,0,0,0,0,0,0,0,0,0,0,0,0,bl,0,0,0,0,0,0,0,0,0,0,0,0,0,0,0,0,0,0,0,0,0,0,0,0,0,0,0,0,0,0,0,0,0,0,br,br,br,0,0,0,0,0,0,0,0,0,0,0,0,0,0,0,0,0,0,0,0,0,0,0,0,0,0,br,br,br,br,0,0,0,0,0,0,0,br,br,br,br,0,0,0,0,0,0,0,0,0,0,0,0,0,0,0,0,0,0,0,0,0,0,0,0,0,0,0,0,0,0,0,0,0,0,0,0,0,0,0,0,0,0,0,0,0,0,0,0,0,0,0,0,0,0,0,0,0,0,0,0,0,0,0,0,0,0,0,0,0,0,0,0,0,0,0,0,0,0,0,0,0,0,0,0,0,0,0,0,0,0,0,0,0,0,0,0,0,0,0,0,0,0,0,0,0,0,0,0,0,0,0,0,0,0,0,0,0,0,0,0,0,0,0,0,0,0,0,0,0,0
t90,t90,0,0,0,0,0,0,0,0,0,0,0,0,0,0,0,0,0,0,0,0,0,0,0,0,0,0,0,0,0,0,0,0,0,0,0,0,0,0,0,0,0,0,0,0,0,0,0,0,0,0,0,0,0,0,0,0,0,0,0,0,0,0,0,0,0,0,0,0,0,0,0,0,0,0,0,0,0,0,0,0,0,0,0,0,0,0,0,0,0,0,0,0,0,0,0,0,0,0,0,0,0,0,0,0,0,0,0,br,0,0,0,0,0,0,0,0,0,0,0,0,0,0,0,0,0,0,0,0,bl,0,0,0,0,0,br,br,br,br,br,0,0,0,0,0,0,0,0,0,0,0,0,0,0,0,0,0,0,0,0,0,0,0,0,br,br,br,0,0,0,0,0,0,0,0,0,0,0,0,0,0,0,0,0,0,0,0,0,0,0,0,0,0,br,br,br,br,0,0,0,0,0,0,0,br,br,br,br,0,0,0,0,0,0,0,0,0,0,0,0,0,0,0,0,0,0,0,0,0,0,0,0,0,0,0,0,0,0,0,0,0,0,0,0,0,0,0,0,0,0,0,0,0,0,0,0,0,0,0,0,0,0,0,0,0,0,0,0,0,0,0,0,0,0,0,0,0,0,0,0,0,0,0,0,0,0,0,0,0,0,0,0,0,0,0,0,0,0,0,0,0,0,0,0,0,0,0,0,0,0,0,0,0,0,0,0,0,0,0,0,0,0,0,0,0,0,0,0,0,0,0,0,0,0,0,0,0,0
t90,t90,0,0,0,0,0,0,0,0,0,0,0,0,0,0,0,0,0,0,0,0,0,0,0,0,0,0,0,0,0,0,0,0,0,0,0,0,0,0,0,0,0,0,0,0,0,0,0,0,0,0,0,0,0,0,0,0,0,0,0,0,0,0,0,0,0,0,0,0,0,0,0,0,0,0,0,0,0,0,0,0,0,0,0,0,0,0,0,0,0,0,0,0,0,0,0,0,0,0,0,0,0,0,0,0,0,0,0,br,0,0,0,0,br,br,br,0,0,0,0,0,0,0,0,0,0,0,0,0,bl,0,0,0,0,0,0,0,0,0,br,0,0,0,0,0,0,0,0,0,0,0,0,0,0,0,0,0,0,0,0,0,0,0,0,br,br,br,0,0,0,0,0,0,0,0,0,0,0,0,0,0,0,0,0,0,0,0,0,0,0,0,0,0,br,br,br,br,0,0,0,0,0,0,0,br,br,br,br,0,0,0,0,0,0,0,0,0,0,0,0,0,0,0,0,0,0,0,0,0,0,0,0,0,0,0,0,0,0,0,0,0,0,0,0,0,0,0,0,0,0,0,0,0,0,0,0,0,0,0,0,0,0,0,0,0,0,0,0,0,0,0,0,0,0,0,0,0,0,0,0,0,0,0,0,0,0,0,0,0,0,0,0,0,0,0,0,0,0,0,0,0,0,0,0,0,0,0,0,0,0,0,0,0,0,0,0,0,0,0,0,0,0,0,0,0,0,0,0,0,0,0,0,0,0,0,0,0,0
t90,t90,0,0,0,0,0,0,0,0,0,0,0,0,0,0,0,0,0,0,0,0,0,0,0,0,0,0,0,0,0,0,0,0,0,0,0,0,0,0,0,0,0,0,0,0,0,0,0,0,0,0,0,0,0,0,0,0,br,br,br,0,0,0,0,0,0,0,0,0,0,0,0,0,0,0,0,0,0,0,0,0,0,0,0,0,0,0,0,0,0,0,0,0,0,0,0,0,0,0,0,0,0,0,0,0,0,0,0,br,0,0,0,0,0,0,br,0,0,0,0,0,0,0,0,0,0,0,0,0,bl,0,0,0,0,0,0,0,0,0,br,0,0,0,0,0,0,0,0,0,0,0,0,0,0,0,0,0,0,0,0,0,0,0,0,br,br,br,0,0,0,0,0,0,0,0,0,0,0,0,0,0,0,0,0,0,0,0,0,0,0,0,0,0,br,br,br,br,br,br,br,br,br,br,br,br,br,br,br,0,0,0,0,0,0,0,0,0,0,0,0,0,0,0,0,0,0,0,0,0,0,0,0,0,0,0,0,0,0,0,0,0,0,0,0,0,0,0,0,0,0,0,0,0,0,0,0,0,0,0,0,0,0,0,0,0,0,0,0,0,0,0,0,0,0,0,0,0,0,0,0,0,0,0,0,0,0,0,0,0,0,0,0,0,0,0,0,0,0,0,0,0,0,0,0,0,0,0,0,0,0,0,0,0,0,0,0,0,0,0,0,0,0,0,0,0,0,0,0,0,0,0,0,0,0,0,0,0,0
t90,t90,0,0,0,0,0,0,0,0,0,0,0,0,0,0,0,0,0,0,0,0,0,0,0,0,0,0,0,0,0,0,0,0,0,0,0,0,0,0,0,0,0,0,0,0,0,0,0,0,0,0,0,0,0,0,0,br,br,br,br,0,0,0,0,0,0,0,0,0,0,0,0,0,0,0,0,0,0,0,0,0,0,0,br,br,br,br,0,0,0,0,0,0,0,0,0,0,0,0,0,0,0,0,0,0,0,0,0,br,0,0,0,0,0,0,br,0,0,0,0,0,0,0,0,0,0,0,0,0,bl,0,0,0,0,0,0,0,0,0,br,0,0,0,0,0,0,0,0,0,0,0,0,0,0,0,0,0,0,0,0,0,0,0,0,br,br,br,0,0,0,0,0,0,0,0,0,0,0,0,0,0,0,0,0,0,0,0,0,0,0,0,0,0,br,br,br,br,br,br,br,br,br,br,br,br,br,br,br,0,0,0,0,0,0,0,0,0,0,0,0,0,0,0,0,0,0,0,0,0,0,0,0,0,0,0,0,0,0,0,0,0,0,0,0,0,0,0,0,0,0,0,0,0,0,0,0,0,0,0,0,0,0,0,0,0,0,0,0,0,0,0,0,0,0,0,0,0,0,0,0,0,0,0,0,0,0,0,0,0,0,0,0,0,0,0,0,0,0,0,0,0,0,0,0,0,0,0,0,0,0,0,0,0,0,0,0,0,0,0,0,0,0,0,0,0,0,0,0,0,0,0,0,0,0,0,0,0,0
t90,t90,0,0,0,0,0,0,0,0,p,0,0,0,0,0,0,0,0,0,0,0,0,0,0,0,0,0,0,0,0,0,0,0,0,0,0,0,0,0,0,0,0,0,0,0,0,0,0,0,0,0,0,0,0,0,br,br,br,br,br,0,0,0,0,0,0,0,0,0,0,0,0,0,0,0,0,0,0,0,0,0,0,0,0,0,0,0,0,0,0,0,0,0,0,0,0,0,0,0,0,0,0,0,0,0,0,0,0,0,0,0,0,0,0,0,br,0,0,0,0,0,0,0,0,0,0,0,0,0,bl,0,0,0,0,0,0,0,0,0,br,0,0,0,0,0,0,0,0,0,0,0,0,0,0,0,0,0,0,0,0,0,0,0,0,br,br,br,0,0,0,0,0,0,0,0,0,0,0,0,0,0,0,0,0,0,0,0,0,0,0,0,0,0,br,br,br,br,br,br,br,br,br,br,br,br,br,br,br,0,0,0,0,0,0,0,0,0,0,0,0,0,0,0,0,0,0,0,0,0,0,0,0,0,0,0,0,0,0,0,0,0,0,0,0,0,0,0,0,0,0,0,0,0,0,0,0,0,0,0,0,0,0,0,0,0,0,0,0,0,0,0,0,0,0,0,0,0,0,0,0,0,0,0,0,0,0,0,0,0,0,0,0,0,0,0,0,0,0,0,0,0,0,0,0,0,0,0,0,0,0,0,0,0,0,0,0,0,0,0,0,0,0,0,0,0,0,0,0,0,0,0,0,0,0,0,0,0,0
t90,t90,0,0,0,0,0,0,0,0,0,0,0,0,0,0,0,0,0,0,t315,0,0,0,0,0,0,0,0,0,t270,t270,t270,0,0,0,0,0,0,0,0,0,0,0,0,0,0,0,0,0,0,0,0,0,0,br,br,br,br,br,br,0,0,0,0,0,0,0,0,0,0,0,0,0,0,0,0,0,0,0,0,0,0,0,0,0,0,0,0,0,0,0,0,0,0,0,0,0,0,0,0,0,0,0,0,0,0,0,0,0,0,0,0,0,0,0,br,0,0,0,0,0,0,0,0,0,0,0,0,0,bl,bl,bl,bl,bl,0,0,0,0,0,br,0,0,0,0,0,0,0,0,0,0,0,0,0,0,0,0,0,0,0,0,0,0,0,0,tr,tr,tr,0,0,0,0,0,0,0,0,0,0,0,0,0,0,0,0,0,0,0,0,0,0,0,0,0,0,br,br,br,br,br,br,br,br,br,br,br,br,br,br,br,0,0,0,0,0,0,0,0,0,0,0,0,0,0,0,0,0,0,0,0,0,0,0,0,0,0,0,0,0,0,0,0,0,0,0,0,0,0,0,0,0,0,0,0,0,0,0,0,0,0,0,0,0,0,0,0,0,0,0,0,0,0,0,0,0,0,0,0,0,0,0,0,0,0,0,0,0,0,0,0,0,0,0,0,0,0,0,0,0,0,0,0,0,0,0,0,0,0,0,0,0,0,0,0,0,0,0,0,0,0,0,0,0,0,0,0,0,0,0,0,0,0,0,0,0,0,0,0,0,0
t90,t90,0,0,0,0,0,0,0,0,0,0,0,0,0,0,0,0,0,t315,t180,0,0,0,0,0,0,0,0,0,t270,t270,t270,0,0,0,0,0,0,0,0,0,0,0,0,0,0,0,0,0,0,0,0,0,br,br,br,br,br,br,br,0,0,0,0,0,0,0,0,0,0,0,0,0,0,0,0,0,0,0,0,0,0,0,0,0,0,0,0,0,0,0,0,0,0,0,0,0,0,0,0,0,0,0,0,0,0,0,0,0,0,0,0,0,0,0,br,0,0,0,0,0,0,0,0,0,0,0,0,0,0,0,0,0,0,0,0,0,0,0,br,0,0,0,0,0,0,0,0,0,0,0,0,0,0,0,0,0,0,0,0,0,0,0,0,tr,tr,tr,0,0,0,0,0,0,0,0,0,0,0,0,0,0,0,0,0,0,0,0,0,0,0,0,0,0,br,br,tr,tr,br,br,br,br,br,br,br,tr,tr,br,br,0,0,0,0,0,0,0,0,0,0,0,0,0,0,0,0,0,0,0,0,0,0,0,0,0,0,0,0,0,0,0,0,0,0,0,0,0,0,0,0,0,0,0,0,0,0,0,0,0,0,0,0,0,0,0,0,0,0,0,0,0,0,0,0,0,0,0,0,0,0,0,0,0,0,0,0,0,0,0,0,0,0,0,0,0,0,0,0,0,0,0,0,0,0,0,0,0,0,0,0,0,0,0,0,0,0,0,0,0,0,0,0,0,0,0,0,0,0,0,0,0,0,0,0,0,0,0,0,0,0
t90,t90,0,0,0,0,0,0,0,0,0,0,0,0,0,0,0,0,t315,t180,t180,0,0,0,0,0,0,0,0,0,t270,t270,t270,0,0,0,0,c,0,0,0,0,0,0,0,0,0,0,0,0,0,0,0,br,br,br,br,br,br,br,br,0,0,0,0,0,0,0,0,0,0,0,0,c,0,0,0,0,0,0,0,0,0,0,0,0,0,0,0,0,0,0,0,0,0,0,0,0,0,0,0,0,0,0,0,0,0,0,0,0,0,0,0,0,0,0,br,0,0,0,0,0,0,0,0,0,0,0,0,0,0,0,0,0,0,0,0,0,0,0,br,0,0,0,0,0,0,0,0,0,0,0,0,0,0,0,0,0,0,0,0,0,0,0,0,tr,tr,tr,0,0,0,0,0,0,0,0,0,0,0,0,0,0,0,0,0,0,0,0,0,0,0,0,0,0,br,br,tr,tr,br,br,br,br,br,br,br,tr,tr,br,br,0,0,0,0,0,0,0,0,0,0,0,0,0,0,0,0,0,0,0,0,0,0,0,0,0,0,0,0,0,0,0,0,0,0,0,0,0,0,0,0,0,0,0,0,0,0,0,0,0,0,0,0,0,0,0,0,0,0,0,0,0,0,0,0,0,0,0,0,0,0,0,0,0,0,0,0,0,0,0,0,0,0,0,0,0,0,0,0,0,0,0,0,0,0,0,0,0,0,0,0,0,0,0,0,0,0,0,0,0,0,0,0,0,0,0,0,0,0,0,0,0,0,0,0,0,0,0,0,0,0
t0,t0,t0,t0,t0,t0,t0,t0,t0,t0,t0,t0,t0,t0,t0,t0,t0,t0,t0,t0,t0,t0,t0,t0,t0,t0,t0,t0,t0,t0,t0,t0,t0,t0,t0,t0,t0,t0,t0,t0,t0,t0,0,0,0,t0,t0,t0,t0,t0,t0,t0,t0,t0,t0,t0,t0,t0,t0,t0,t0,t0,t0,t0,t0,t0,t0,t0,t0,t0,t0,t0,t0,t0,t0,t0,t0,t0,t0,0,0,0,0,0,0,0,0,0,0,0,0,0,0,br,br,br,br,br,br,br,br,br,br,br,br,br,br,br,br,br,br,br,br,br,br,br,br,br,br,br,br,br,br,br,br,br,br,br,br,br,br,br,br,br,br,br,br,br,br,br,br,br,br,br,br,br,br,br,br,br,br,br,br,br,br,br,br,br,br,br,br,br,br,br,br,br,br,br,br,br,br,br,br,br,br,br,br,br,br,br,br,br,br,br,br,br,br,br,br,br,br,br,br,br,br,br,br,br,br,br,br,br,br,br,br,br,br,br,br,br,br,br,br,br,br,br,br,br,br,br,br,br,br,br,br,br,br,br,br,br,br,br,br,br,br,br,br,br,br,br,br,br,br,br,br,br,br,br,br,br,br,br,br,br,br,br,br,br,br,br,br,br,br,br,br,br,br,br,br,br,br,br,br,br,br,br,br,br,br,br,br,br,br,br,br,br,br,br,br,br,br,br,br,br,br,br,br,br,br,br,br,br,br,br,br,br,br,,,,,,,,,,,,,,,,,,,,,,,,,,,,,,,,
t0,t0,t0,t0,t0,t0,t0,t0,t0,t0,t0,t0,t0,t0,t0,t0,t0,t0,t0,t0,t0,t0,t0,t0,t0,t0,t0,t0,t0,t0,t0,t0,t0,t0,t0,t0,t0,t0,t0,t0,t0,t0,0,0,0,t0,t0,t0,t0,t0,t0,t0,t0,t0,t0,t0,t0,t0,t0,t0,t0,t0,t0,t0,t0,t0,t0,t0,t0,t0,t0,t0,t0,t0,t0,t0,t0,t0,t0,0,0,0,0,0,0,0,0,0,0,0,0,0,0,br,br,br,br,br,br,br,br,br,br,br,br,br,br,br,br,br,br,br,br,br,br,br,br,br,br,br,br,br,br,br,br,br,br,br,br,br,br,br,br,br,br,br,br,br,br,br,br,br,br,br,br,br,br,br,br,br,br,br,br,br,br,br,br,br,br,br,br,br,br,br,br,br,br,br,br,br,br,br,br,br,br,br,br,br,br,br,br,br,br,br,br,br,br,br,br,br,br,br,br,br,br,br,br,br,br,br,br,br,br,br,br,br,br,br,br,br,br,br,br,br,br,br,br,br,br,br,br,br,br,br,br,br,br,br,br,br,br,br,br,br,br,br,br,br,br,br,br,br,br,br,br,br,br,br,br,br,br,br,br,br,br,br,br,br,br,br,br,br,br,br,br,br,br,br,br,br,br,br,br,br,br,br,br,br,br,br,br,br,br,br,br,br,br,br,br,br,br,br,br,br,br,br,br,br,br,br,br,br,br,br,br,br,br,,,,,,,,,,,,,,,,,,,,,,,,,,,,,,,,
